Title,Author,Format-Year
,,"Learning Spanish-beginner I, eBook"
,,
,,
,,
,,"100 Facts About Learning Spanish, eBook"
,,"No Tears Spanish Grammar: Easy Learning: Essential Rules for Beginners, eBook"
,,"Learning Spanish for Adults Beginner, eBook"
,,"Learning to Read in English and Spanish Made Easy, eBook"
,,"Spanish for Beginners: A Comprehensive Guide for Learning the Spanish Language Fast, eBook"
,,"Spanish: Beginner's Step by Step Course to Quickly Learning the Spanish Language, Spanish Grammar &, eBook"
,,"Learn Spanish Like a Native for Beginners - Level 1: Learning Spanish in Your Car Has Never Been Eas, eBook"
,,"Learn Spanish Like a Native for Beginners - Level 2: Learning Spanish in Your Car Has Never Been Eas, eBook"
,,
,,
,,"The Best Spanish Learning Games for Children, eBook"
,,"Easy Learning Spanish Vocabulary, eBook"
,,
,,"Learning the Local Language: Your Guide to Real World Spanish, eBook"
,,"Expressing Possession in Spanish, Streaming Video"
,,"Cognates and False Cognates, Streaming Video"
